date,ticker,open,high,low,close,volume,is_price_outlier,daily_return,pct_return,log_return,price_diff,open_close_diff,high_low_diff,typical_price,median_price,weighted_close,sma_5,sma_10,sma_20,sma_50,sma_100,sma_200,ema_5,ema_10,ema_20,ema_50,ema_100,ema_200,golden_cross,death_cross,rsi,roc,momentum,price_momentum,volume_momentum,true_range,atr,rolling_volatility_10,rolling_volatility_20,rolling_volatility_30,historical_volatility,std_10,variance_10,std_20,variance_20,bollinger_middle,bollinger_upper,bollinger_lower,bollinger_bandwidth,bollinger_percent_b,macd_line,macd_signal,macd_histogram,volume_rolling_mean_10,volume_rolling_std_10,volume_rolling_mean_20,volume_rolling_std_20,volume_change,volume_ratio,vwap,obv,rolling_mean_5,rolling_median_5,rolling_max_5,rolling_min_5,rolling_std_5,rolling_var_5,rolling_mean_10,rolling_median_10,rolling_max_10,rolling_min_10,rolling_std_10,rolling_var_10,rolling_mean_20,rolling_median_20,rolling_max_20,rolling_min_20,rolling_std_20,rolling_var_20,close_lag_1,close_lag_2,close_lag_3,close_lag_5,close_lag_10,close_lag_20,open_lag_1,open_lag_2,open_lag_3,open_lag_5,open_lag_10,open_lag_20,high_lag_1,high_lag_2,high_lag_3,high_lag_5,high_lag_10,high_lag_20,low_lag_1,low_lag_2,low_lag_3,low_lag_5,low_lag_10,low_lag_20,volume_lag_1,volume_lag_2,volume_lag_3,volume_lag_5,volume_lag_10,volume_lag_20,return_lag_1,return_lag_2,return_lag_3,return_lag_5,return_lag_10,return_lag_20,year,quarter,month,week,day,day_of_week,is_month_end,is_month_start,is_quarter_end,higher_high,higher_low,lower_high,lower_low,inside_bar,outside_bar,is_doji,is_bullish_engulfing,is_bearish_engulfing,is_pin_bar,is_hammer,is_shooting_star,is_marubozu,trend_strength,swing_high,swing_low,break_of_structure_up,break_of_structure_down,change_of_character,price_action_label,static_support,static_resistance,dynamic_resistance,dynamic_support,nearest_support,nearest_resistance,support_distance,resistance_distance,swing_zone_width,demand_zone,supply_zone,demand_zone_strength,supply_zone_strength,zone_width,demand_zone_age,supply_zone_age,fresh_demand_zone,fresh_supply_zone,nearest_demand_zone,nearest_supply_zone,demand_zone_retested,supply_zone_retested,fib_236,fib_382,fib_50,fib_618,fib_786,fib_1272,fib_1618,fib_2618,distance_from_fibonacci,closest_fibonacci_level,fibonacci_confluence,trend_score,trend_label,is_uptrend,is_downtrend,is_sideways,trend_reversal_signal,higher_high_count,lower_high_count,higher_low_count,lower_low_count,bullish_structure,bearish_structure,market_bias,market_structure,breakout_above_resistance,breakdown_below_support,volume_confirmation,fake_breakout,breakout_label,support_bounce,resistance_rejection,demand_zone_bounce,supply_zone_rejection,target_1_day,future_return_1_day,target_direction_1_day,target_regression_1_day,target_3_day,future_return_3_day,target_direction_3_day,target_regression_3_day,target_5_day,future_return_5_day,target_direction_5_day,target_regression_5_day
2023-01-02,SAMPLE,100.80775998581812,100.99959778528104,99.41145607978608,100.05184523003622,1809019,False,,,,-0.7559147557818875,-0.7559147557818875,1.588141705494948,100.15429969836778,100.20552693253356,100.12868608128488,,,,,,,,,,,,,,,,,,,,1.588141705494948,,,,,,,,,,,,,,,,,,,,,,,,100.15429969836778,0.0,,,,,,,,,,,,,,,,,,,,,,,,,,,,,,,,,,,,,,,,,,,,,,,,,,,,,,,2023,1,1,1,2,0,False,False,False,False,False,False,False,False,False,False,False,False,False,False,False,False,-0.4759743750613897,,,False,False,False,,,,,,,,,,,False,False,,,,,,False,False,,,False,False,,,,,,,,,,,False,,,,,,False,0.0,0.0,0.0,0.0,False,False,Neutral,Neutral,False,False,False,False,,False,False,False,False,100.54996353629892,0.004978601895022,True,0.004978601895022,98.90286899511968,-0.0114838085422096,False,-0.0114838085422096,96.83339298486742,-0.0321678449584716,False,-0.0321678449584716
2023-01-03,SAMPLE,100.82780748720296,101.30200902147212,99.55611712173496,100.54996353629892,3239142,False,0.498118306262711,0.0049786018950219,0.0049662496376244,-0.2778439509040424,-0.2778439509040424,1.7458918997371595,100.469363226502,100.42906307160357,100.48951330395124,,,,,,,,,,,,,,,,,,,,1.7458918997371595,,,,,,,,,,,,,,,,,,,,,,0.790551674692195,,100.35645955552124,3239142.0,,,,,,,,,,,,,,,,,,,100.05184523003622,,,,,,100.80775998581812,,,,,,100.99959778528104,,,,,,99.41145607978608,,,,,,1809019.0,,,,,,,,,,,,2023,1,1,1,3,1,False,False,False,True,True,False,False,False,False,False,False,False,False,False,False,False,-0.159141554494795,,,False,False,False,,,,,,,,,,,False,False,,,,,,False,False,,,False,False,,,,,,,,,,,False,,,,,,False,0.0,0.0,0.0,0.0,False,False,Neutral,Neutral,False,False,False,False,,False,False,False,False,100.1887567532556,-0.0035923114274718,False,-0.0035923114274718,98.2708628173621,-0.022666350526463,False,-0.022666350526463,96.97360838876357,-0.0355679407705034,False,-0.0355679407705034
2023-01-04,SAMPLE,100.15952669037615,100.4722146534093,99.25285010510244,100.1887567532556,1111442,False,-0.361206783043329,-0.0035923114274718,-0.0035987792724894,0.029230062879435,0.029230062879435,1.2193645483068565,99.97127383725577,99.86253237925588,100.02564456625574,,,,,,,,,,,,,,,,,,,,1.2971134311964931,,,,,,,,,,,,,,,,,,,,,,-0.6568714801635742,,100.28695644223936,2127700.0,,,,,,,,,,,,,,,,,,,100.54996353629892,100.05184523003622,,,,,100.82780748720296,100.80775998581812,,,,,101.30200902147212,100.99959778528104,,,,,99.55611712173496,99.41145607978608,,,,,3239142.0,1809019.0,,,,,0.0049786018950219,,,,,,2023,1,1,1,4,2,False,False,False,False,False,True,True,False,False,True,False,False,False,False,False,False,0.0239715538064661,,,False,False,False,Doji,,,,,,,,,,False,False,,,,,,False,False,,,False,False,,,,,,,,,,,False,,,,,,False,0.0,0.0,0.0,0.0,False,False,Neutral,Neutral,False,False,False,False,,False,False,False,False,98.90286899511968,-0.0128346513102542,False,-0.0128346513102542,96.83339298486742,-0.0334904222501908,False,-0.0334904222501908,99.03393125709538,-0.0115264979183674,False,-0.0115264979183674
2023-01-05,SAMPLE,98.613172969898,99.2953918830448,98.37892717322993,98.90286899511968,3086960,False,-1.2858877581359138,-0.0128346513102541,-0.0129177270449614,0.2896960252217013,0.2896960252217013,0.9164647098148606,98.85906268379811,98.83715952813736,98.87001426162853,,,,,,,,,,,,,,,,,,,,1.8098295800256776,,,,,,,,,,,,,,,,,,,,,,1.7774368792973454,,99.81025489199224,-959260.0,,,,,,,,,,,,,,,,,,,100.1887567532556,100.54996353629892,100.05184523003622,,,,100.15952669037615,100.82780748720296,100.80775998581812,,,,100.4722146534093,101.30200902147212,100.99959778528104,,,,99.25285010510244,99.55611712173496,99.41145607978608,,,,1111442.0,3239142.0,1809019.0,,,,-0.0035923114274718,0.0049786018950219,,,,,2023,1,1,1,5,3,False,False,False,False,False,True,True,False,False,False,False,False,False,False,False,False,0.3161016699488889,,,False,False,False,,,,,,,,,,,False,False,,,,,,False,False,,,False,False,,,,,,,,,,,False,,,,,,False,0.0,0.0,0.0,0.0,False,False,Neutral,Neutral,False,False,False,False,,False,False,False,False,98.2708628173621,-0.0063901703173926,False,-0.0063901703173926,96.97360838876357,-0.0195066192311501,False,-0.0195066192311501,98.34562147926836,-0.0056342907087843,False,-0.0056342907087843
2023-01-06,SAMPLE,97.95336357365628,98.48016812651451,97.43130383503409,98.2708628173621,4368167,False,-0.6320061777575887,-0.0063901703173926,-0.0064106748540648,0.317499243705825,0.317499243705825,1.0488642914804416,98.0607782596369,97.9557359807743,98.1132993990682,99.59285946641452,,,,,,99.2723364319873,,,,,,,,,,,,,1.4715651600856037,,,,,,,,,,,,,,,,,,,,,,0.4150384196750201,,99.24895062134378,-5327427.0,99.59285946641452,100.05184523003622,100.54996353629892,98.2708628173621,0.9624930777471562,0.9263929247111932,,,,,,,,,,,,,98.90286899511968,100.1887567532556,100.54996353629892,,,,98.613172969898,100.15952669037615,100.82780748720296,,,,99.2953918830448,100.4722146534093,101.30200902147212,,,,98.37892717322993,99.25285010510244,99.55611712173496,,,,3086960.0,1111442.0,3239142.0,,,,-0.0128346513102541,-0.0035923114274718,0.0049786018950219,,,,2023,1,1,1,6,4,False,False,False,False,False,True,True,False,False,False,False,False,False,False,False,False,0.3027076489158422,,,False,False,False,,,,,,,,,,,False,False,,,,,,False,False,,,False,False,,,,,,,,,,,False,,,,,,False,0.0,0.0,0.0,0.0,False,False,Neutral,Neutral,False,False,False,False,,False,False,False,False,96.83339298486742,-0.0146276301162252,False,-0.0146276301162252,99.03393125709538,0.0077649510532073,True,0.0077649510532073,97.46490912953848,-0.0082013494612488,False,-0.0082013494612488
2023-01-09,SAMPLE,97.63474549045368,97.82521128303604,96.49709366631735,96.83339298486742,4791519,False,-1.4374698324946849,-0.0146276301162252,-0.0147356687582087,-0.8013525055862516,-0.8013525055862516,1.3281176167186717,97.05189931140694,97.1611524746767,96.99727272977204,98.94916901738074,,,,,,98.45935528294734,,,,,,,,,,,,,1.773769151044732,,,,,,,,,,,,,,,,,,,,,,0.0969175400116342,,98.67701371581038,-10118946.0,98.94916901738074,98.90286899511968,100.54996353629892,96.83339298486742,1.503152691805865,2.259468014883218,,,,,,,,,,,,,98.2708628173621,98.90286899511968,100.1887567532556,100.05184523003622,,,97.95336357365628,98.613172969898,100.15952669037615,100.80775998581812,,,98.48016812651451,99.2953918830448,100.4722146534093,100.99959778528104,,,97.43130383503409,98.37892717322993,99.25285010510244,99.41145607978608,,,4368167.0,3086960.0,1111442.0,1809019.0,,,-0.0063901703173926,-0.0128346513102541,-0.0035923114274718,,,,2023,1,1,2,9,0,False,False,False,False,False,True,True,False,False,False,False,False,False,False,False,False,-0.6033746525899732,False,False,False,False,False,,,,,,,,,,,False,False,,,,,,False,False,,,False,False,,,,,,,,,,,False,,,,,,False,0.0,0.0,0.0,0.0,False,False,Neutral,Neutral,False,False,False,False,,False,False,False,False,96.97360838876357,0.0014480067213803,True,0.0014480067213803,98.34562147926836,0.015616807877808,True,0.015616807877808,98.24967220481626,0.0146259381840536,True,0.0146259381840536
2023-01-10,SAMPLE,97.22695204087712,97.34699490675766,96.6429766199428,96.97360838876357,4168223,False,0.1402154038961498,0.0014480067213802,0.001446959370573,-0.253343652113557,-0.253343652113557,0.7040182868148719,96.98785997182136,96.99498576335024,96.98429707605688,98.23389798787368,,,,,,97.96410631821942,,,,,,,,,,,,,0.7040182868148719,,,,,,,,,,,,,,,,,,,,,,-0.1300831740414678,,98.36512294440136,-5950723.0,98.23389798787368,98.2708628173621,100.1887567532556,96.83339298486742,1.3982225803512274,1.9550263842040445,,,,,,,,,,,,,96.83339298486742,98.2708628173621,98.90286899511968,100.54996353629892,,,97.63474549045368,97.95336357365628,98.613172969898,100.82780748720296,,,97.82521128303604,98.48016812651451,99.2953918830448,101.30200902147212,,,96.49709366631735,97.43130383503409,98.37892717322993,99.55611712173496,,,4791519.0,4368167.0,3086960.0,3239142.0,,,-0.0146276301162252,-0.0063901703173926,-0.0128346513102541,0.0049786018950219,,,2023,1,1,2,10,1,False,False,False,False,True,True,False,True,False,False,False,False,False,False,False,False,-0.3598537947923731,False,False,False,False,False,Inside Bar,,,,,,,,,,False,False,,,,,,False,False,,,False,False,,,,,,,,,,,False,,,,,,False,0.0,0.0,0.0,0.0,False,False,Neutral,Neutral,False,False,False,False,,False,False,False,False,99.03393125709538,0.0212462225812207,True,0.0212462225812207,97.46490912953848,0.0050663345309921,True,0.0050663345309921,98.83500271705635,0.0191948547570853,True,0.0191948547570853
2023-01-11,SAMPLE,99.0677065362507,99.10844290182968,98.26960413881405,99.03393125709538,2136160,False,2.0603228683318093,0.0212462225812208,0.0210236683663569,-0.0337752791553214,-0.0337752791553214,0.8388387630156586,98.80399276591304,98.68902352032184,98.8614773887086,98.00293288864164,,,,,,98.32071463117808,,,,,,,,,,,,,2.1348345130661244,,,,,,,,,,,,,,,,,,,,,,-0.487513024135225,,98.4030619237816,-3814563.0,98.00293288864164,98.2708628173621,99.03393125709538,96.83339298486742,1.0454618107289753,1.0929903976927078,,,,,,,,,,,,,96.97360838876357,96.83339298486742,98.2708628173621,100.1887567532556,,,97.22695204087712,97.63474549045368,97.95336357365628,100.15952669037615,,,97.34699490675766,97.82521128303604,98.48016812651451,100.4722146534093,,,96.6429766199428,96.49709366631735,97.43130383503409,99.25285010510244,,,4168223.0,4791519.0,4368167.0,1111442.0,,,0.0014480067213802,-0.0146276301162252,-0.0063901703173926,-0.0035923114274718,,,2023,1,1,2,11,2,False,False,False,True,True,False,False,False,False,True,False,False,False,False,False,False,-0.0402643280740841,False,False,False,False,False,Doji,,,,,,,,,,False,False,,,,,,False,False,,,False,False,,,,,,,,,,,False,,,,,,False,0.0,0.0,0.0,0.0,False,False,Neutral,Neutral,False,False,False,False,,False,False,False,False,98.34562147926836,-0.0069502418927521,False,-0.0069502418927521,98.24967220481626,-0.0079190944186911,False,-0.0079190944186911,99.0431240905532,9.282508874626398e-05,True,9.282508874626398e-05
2023-01-12,SAMPLE,98.172530558192,98.72212598120711,98.07677668533675,98.34562147926836,2502127,False,-0.6883097778270013,-0.0069502418927521,-0.0069745073230387,0.1730909210763656,0.1730909210763656,0.6453492958703464,98.38150804860408,98.39945133327194,98.37253640627016,97.89148338547136,,,,,,98.32901691387484,,,,,,,,,,,,,0.9571545717586076,,,,,,,,,,,,,,,,,,,,,,0.1713200322073254,,98.40108011322587,-6316690.0,97.89148338547136,98.2708628173621,99.03393125709538,96.83339298486742,0.9509741198357088,0.9043517765973008,,,,,,,,,,,,,99.03393125709538,96.97360838876357,96.83339298486742,98.90286899511968,,,99.0677065362507,97.22695204087712,97.63474549045368,98.613172969898,,,99.10844290182968,97.34699490675766,97.82521128303604,99.2953918830448,,,98.26960413881405,96.6429766199428,96.49709366631735,98.37892717322993,,,2136160.0,4168223.0,4791519.0,3086960.0,,,0.0212462225812208,0.0014480067213802,-0.0146276301162252,-0.0128346513102541,,,2023,1,1,2,12,3,False,False,False,False,False,True,True,False,False,False,False,False,True,False,True,False,0.268212768161353,False,False,False,False,False,Shooting Star,,,,,,,,,,False,False,,,,,,False,False,,,False,False,,,,,,,,,,,False,,,,,,False,0.0,0.0,0.0,0.0,False,False,Neutral,Neutral,False,False,False,False,,False,False,False,False,97.46490912953848,-0.0089552776878385,False,-0.0089552776878385,98.83500271705635,0.0049761365114881,True,0.0049761365114881,97.6974220234909,-0.0065910352288954,False,-0.0065910352288954
2023-01-13,SAMPLE,96.9103824236882,97.66444708489736,96.29379404444838,97.46490912953848,4997723,False,-0.8807123497299045,-0.0089552776878385,-0.0089956172020309,0.5545267058502645,0.5545267058502645,1.3706530404489712,97.14105008629473,96.97912056467284,97.22201484710568,97.73029264790664,98.66157605716056,,,,,98.04098098576272,98.47791230306584,,,,,,,,,,,,2.051827434819998,,,,,,1.329326950078699,1.7671101402055358,,,,,,,,,,,3221048.2,1333015.6051305293,,,0.997389820740514,1.5515828046286295,98.20557602091566,-11314413.0,97.73029264790664,97.46490912953848,99.03393125709538,96.83339298486742,0.9388199613729028,0.8813829198722187,98.66157605716056,98.62424523719405,100.54996353629892,96.83339298486742,1.329326950078699,1.7671101402055358,,,,,,,98.34562147926836,99.03393125709538,96.97360838876357,98.2708628173621,,,98.172530558192,99.0677065362507,97.22695204087712,97.95336357365628,,,98.72212598120711,99.10844290182968,97.34699490675766,98.48016812651451,,,98.07677668533675,98.26960413881405,96.6429766199428,97.43130383503409,,,2502127.0,2136160.0,4168223.0,4368167.0,,,-0.0069502418927521,0.0212462225812208,0.0014480067213802,-0.0063901703173926,,,2023,1,1,2,13,4,False,False,False,False,False,True,True,False,False,False,False,False,False,False,False,False,0.4045711711759117,False,True,False,False,False,,,,,96.29379404444838,96.29379404444838,,0.0120157613191183,,,True,False,0.0227899655491386,,1.3706530404489712,0.0,,True,False,96.29379404444838,,False,False,,,,,,,,,,,False,,,,,,False,0.0,0.0,0.0,0.0,False,False,Neutral,Neutral,False,False,True,False,,False,False,True,False,98.24967220481626,0.00805174993017,True,0.00805174993017,99.0431240905532,0.0161926479500141,True,0.0161926479500141,97.703544289796,0.0024484213076149,True,0.0024484213076149
2023-01-16,SAMPLE,98.21624142608133,98.81886349126611,97.93093422462805,98.24967220481626,4163650,False,0.7847630752777945,0.0080517499301699,0.0080195075478028,0.033430778734953,0.033430778734953,0.887929266638082,98.3331566402368,98.37489885794707,98.31228553138166,98.0135484918964,98.4813587546386,,,,,98.11054472544726,98.43641410338408,,,,,,,,,-1.8021730252199573,-0.0180123916862947,2354631.0,1.353954361727645,,0.0109188267146089,,,,1.238997126312447,1.535113879010502,,,,,,,,,,,3456511.3,1261948.1592094072,,,-0.1668906019801417,1.2045816254094122,98.22017983457192,-7150763.0,98.0135484918964,98.24967220481626,99.03393125709538,96.97360838876357,0.8046254458275702,0.6474221080732162,98.4813587546386,98.30824214831524,100.54996353629892,96.83339298486742,1.238997126312447,1.535113879010502,,,,,,,97.46490912953848,98.34562147926836,99.03393125709538,96.83339298486742,100.05184523003622,,96.9103824236882,98.172530558192,99.0677065362507,97.63474549045368,100.80775998581812,,97.66444708489736,98.72212598120711,99.10844290182968,97.82521128303604,100.99959778528104,,96.29379404444838,98.07677668533675,98.26960413881405,96.49709366631735,99.41145607978608,,4997723.0,2502127.0,2136160.0,4791519.0,1809019.0,,-0.0089552776878385,-0.0069502418927521,0.0212462225812208,-0.0146276301162252,,,2023,1,1,3,16,0,False,False,False,True,True,False,False,False,False,True,False,False,False,False,False,False,0.0376502723708276,False,False,False,False,False,Doji,,,,96.29379404444838,96.29379404444838,,0.0199072232657485,,,False,False,,,,1.0,,True,False,96.29379404444838,,False,False,,,,,,,,,,,False,,,,,,False,0.0,0.0,0.0,0.0,False,False,Neutral,Neutral,False,False,False,False,,False,False,False,False,98.83500271705635,0.0059575823420548,True,0.0059575823420548,97.6974220234909,-0.0056208857386731,False,-0.0056208857386731,98.79649908148342,0.0055656865249098,True,0.0055656865249098
2023-01-17,SAMPLE,99.27183173429144,99.68613105085058,98.11244053087512,98.83500271705635,4647919,False,0.5853305122400911,0.0059575823420547,0.0059399061186671,-0.4368290172350981,-0.4368290172350981,1.5736905199754574,98.877858099594,98.89928579086283,98.8671442539596,98.38582735755496,98.30986267271432,,,,,98.3520307226503,98.5088847604154,,,,,,,,,-1.7149608192425774,-0.0170558074705166,1408777.0,1.5736905199754574,,0.0109901395458012,,,,1.0202316817156596,1.0408726843763632,,,,,,,,,,,3597389.0,1312603.69072957,,,0.1163087675477045,1.2920256886313934,98.2946967158435,-2502844.0,98.38582735755496,98.34562147926836,99.03393125709538,97.46490912953848,0.6103364418789772,0.3725105722854901,98.30986267271432,98.30824214831524,100.1887567532556,96.83339298486742,1.0202316817156596,1.0408726843763632,,,,,,,98.24967220481626,97.46490912953848,98.34562147926836,96.97360838876357,100.54996353629892,,98.21624142608133,96.9103824236882,98.172530558192,97.22695204087712,100.82780748720296,,98.81886349126611,97.66444708489736,98.72212598120711,97.34699490675766,101.30200902147212,,97.93093422462805,96.29379404444838,98.07677668533675,96.6429766199428,99.55611712173496,,4163650.0,4997723.0,2502127.0,4168223.0,3239142.0,,0.0080517499301699,-0.0089552776878385,-0.0069502418927521,0.0014480067213802,0.0049786018950219,,2023,1,1,3,17,1,False,False,False,True,True,False,False,False,False,False,False,False,False,False,False,False,-0.2775825435117387,True,False,False,False,False,,,,99.68613105085058,96.29379404444838,96.29379404444838,99.68613105085058,0.0257116264759249,0.0086116083411341,0.0343232348170591,False,True,,0.1931464984071224,1.5736905199754574,2.0,0.0,True,True,96.29379404444838,99.68613105085058,False,False,97.0943855779593,97.58966678089402,97.98996254764948,98.39025831440492,98.9601709314805,100.60884671659196,101.78259532080712,105.17493232720932,0.0012664360902835,fib_786,False,,,,,,False,0.0,0.0,0.0,0.0,False,False,Neutral,Neutral,False,False,False,False,,False,False,False,True,99.0431240905532,0.0021057456141591,True,0.0021057456141591,97.703544289796,-0.0114479526094565,False,-0.0114479526094565,96.8301772605558,-0.0202845692455733,False,-0.0202845692455733
2023-01-18,SAMPLE,98.84685546713446,99.16284010765348,98.49068545646465,99.0431240905532,1985124,False,0.2081213734968514,0.0021057456141591,0.0021035316393636,0.1962686234187458,0.1962686234187458,0.6721546511888334,98.89888321822376,98.82676278205903,98.93494343630611,98.38766592424652,98.1952994064441,,,,,98.58239517861794,98.6060191840768,,,,,,,,-1.0081984366842944,-1.145632662702397,-0.0114347427778134,873682.0,0.6721546511888334,,0.0110267451442439,,,,0.8329356438125087,0.6937817867333584,,,,,,,,,,,3684757.2,1147436.2708013994,,,-0.5729004743843428,0.5387394317324354,98.32258473979184,-517720.0,98.38766592424652,98.34562147926836,99.0431240905532,97.46490912953848,0.6127857941636792,0.3755064295288109,98.1952994064441,98.30824214831524,99.0431240905532,96.83339298486742,0.8329356438125087,0.6937817867333584,,,,,,,98.83500271705635,98.24967220481626,97.46490912953848,99.03393125709538,100.1887567532556,,99.27183173429144,98.21624142608133,96.9103824236882,99.0677065362507,100.15952669037615,,99.68613105085058,98.81886349126611,97.66444708489736,99.10844290182968,100.4722146534093,,98.11244053087512,97.93093422462805,96.29379404444838,98.26960413881405,99.25285010510244,,4647919.0,4163650.0,4997723.0,2136160.0,1111442.0,,0.0059575823420547,0.0080517499301699,-0.0089552776878385,0.0212462225812208,-0.0035923114274718,,2023,1,1,3,18,2,False,False,False,False,True,True,False,True,False,False,False,False,False,False,False,False,0.2919992044563069,False,False,False,False,False,Inside Bar,,,99.68613105085058,96.29379404444838,96.29379404444838,99.68613105085058,0.0277589188684231,0.0064921918225184,0.0342511106909415,False,False,,,,3.0,1.0,True,True,96.29379404444838,99.68613105085058,False,True,97.0943855779593,97.58966678089402,97.98996254764948,98.39025831440492,98.9601709314805,100.60884671659196,101.78259532080712,105.17493232720932,0.000837545865343,fib_786,False,,,,,,False,0.0,0.0,0.0,0.0,False,False,Neutral,Neutral,False,False,False,False,,False,False,False,False,97.6974220234909,-0.0135870317038056,False,-0.0135870317038056,98.79649908148342,-0.0024900770380011,False,-0.0024900770380011,96.19375361899549,-0.028768988233374,False,-0.028768988233374
2023-01-19,SAMPLE,97.58380073199062,97.9929592319958,97.48560233034848,97.6974220234909,2455616,False,-1.3457020670623052,-0.0135870317038057,-0.0136801801217152,0.1136212915002801,0.1136212915002801,0.5073569016473414,97.72532786194506,97.73928078117214,97.71835140233152,98.25802603309104,98.0747547092812,,,,,98.28740412690894,98.4408197003339,,,,,,,,-2.8369393806674554,-1.2054469716287883,-0.0121881901291283,-631344.0,1.557521760204736,1.4978997133626208,0.0111179385223335,,,,0.8059468555747233,0.649550334010784,,,,,,,,,,,3621622.8,1200141.520938797,,,0.2370088719898606,0.6780430032636199,98.29032465383824,-2973336.0,98.25802603309104,98.24967220481626,99.0431240905532,97.46490912953848,0.6878702854459583,0.4731655295995042,98.0747547092812,98.26026751108918,99.0431240905532,96.83339298486742,0.8059468555747233,0.649550334010784,,,,,,,99.0431240905532,98.83500271705635,98.24967220481626,98.34562147926836,98.90286899511968,,98.84685546713446,99.27183173429144,98.21624142608133,98.172530558192,98.613172969898,,99.16284010765348,99.68613105085058,98.81886349126611,98.72212598120711,99.2953918830448,,98.49068545646465,98.11244053087512,97.93093422462805,98.07677668533675,98.37892717322993,,1985124.0,4647919.0,4163650.0,2502127.0,3086960.0,,0.0021057456141591,0.0059575823420547,0.0080517499301699,-0.0069502418927521,-0.0128346513102541,,2023,1,1,3,19,3,False,False,False,False,False,True,True,False,False,False,False,False,True,False,True,False,0.2239474640659507,False,False,False,False,False,Shooting Star,,,99.68613105085058,96.29379404444838,96.29379404444838,99.68613105085058,0.0143670933170071,0.0203557984046037,0.0347228917216109,False,False,,,,4.0,2.0,True,True,96.29379404444838,99.68613105085058,True,False,97.0943855779593,97.58966678089402,97.98996254764948,98.39025831440492,98.9601709314805,100.60884671659196,101.78259532080712,105.17493232720932,0.0011029486793517,fib_382,False,,,,,,False,0.0,0.0,0.0,0.0,False,False,Neutral,Neutral,False,False,False,False,,False,False,True,False,97.703544289796,6.266558705727257e-05,True,6.266558705727257e-05,96.8301772605558,-0.0088768438815773,False,-0.0088768438815773,93.3919195092942,-0.0440697658650753,False,-0.0440697658650753
2023-01-20,SAMPLE,97.59302711407648,98.23058431386738,97.20988500105108,97.703544289796,4299201,False,0.0061222663050841,6.266558705725345e-05,6.266362365137773e-05,0.1105171757194938,0.1105171757194938,1.0206993128163049,97.71467120157148,97.72023465745924,97.7118894736276,98.30575306514254,98.0180228565246,,,,,98.09278418120462,98.30676962569063,,,,,,,56.19641941674393,-2.480530295011233,-0.5673185275661154,-0.005773008512406,-68966.0,1.0206993128163049,1.4638139704664554,0.0109675467635622,,,,0.8105626825034289,0.6570118622671545,,,,,,,,,,,3614726.2,1195564.2729215354,,,0.7507627414058224,1.1893573018061503,98.2405909153328,1325865.0,98.30575306514254,98.24967220481626,99.0431240905532,97.6974220234909,0.6244374170808688,0.3899220878506269,98.0180228565246,97.97660824730612,99.0431240905532,96.83339298486742,0.8105626825034289,0.6570118622671545,,,,,,,97.6974220234909,99.0431240905532,98.83500271705635,97.46490912953848,98.2708628173621,,97.58380073199062,98.84685546713446,99.27183173429144,96.9103824236882,97.95336357365628,,97.9929592319958,99.16284010765348,99.68613105085058,97.66444708489736,98.48016812651451,,97.48560233034848,98.49068545646465,98.11244053087512,96.29379404444838,97.43130383503409,,2455616.0,1985124.0,4647919.0,4997723.0,4368167.0,,-0.0135870317038057,0.0021057456141591,0.0059575823420547,-0.0089552776878385,-0.0063901703173926,,2023,1,1,3,20,4,False,False,False,True,False,False,True,False,True,False,False,False,False,False,False,False,0.1082759382041276,False,False,False,False,False,Outside Bar,,,99.68613105085058,96.29379404444838,96.29379404444838,99.68613105085058,0.0144288547114133,0.0202918612161508,0.0347207159275642,False,False,,,,5.0,3.0,True,True,96.29379404444838,99.68613105085058,True,True,97.0943855779593,97.58966678089402,97.98996254764948,98.39025831440492,98.9601709314805,100.60884671659196,101.78259532080712,105.17493232720932,0.0011655412270837,fib_382,False,,,,,,False,0.0,0.0,0.0,0.0,False,False,Neutral,Neutral,False,False,False,False,,False,False,True,False,98.79649908148342,0.0111864395466109,True,0.0111864395466109,96.19375361899549,-0.0154527727911523,False,-0.0154527727911523,91.50761289961672,-0.0634156256583861,False,-0.0634156256583861
2023-01-23,SAMPLE,98.8512962654825,99.37942162427876,98.27570895297453,98.79649908148342,2308959,False,1.0929547916874327,0.011186439546611,0.0111243340620437,-0.054797183999085,-0.054797183999085,1.103712671304251,98.81720988624556,98.82756528862664,98.81203218505502,98.41511844047596,98.2143334661862,,,,,98.32735581463088,98.39581134492568,,,,,,,61.13726165578672,-0.1075498766790276,1.963106096616002,0.0202730280960286,-2482560.0,1.675877334482777,1.4789613536104784,0.0102967713945436,,,,0.7249831803222134,0.5256006117501111,,,,,,,,,,,3366470.2,1181723.865436592,,,-0.4629329961544017,0.6858694308358945,98.26615967366908,3634824.0,98.41511844047596,98.79649908148342,99.0431240905532,97.6974220234909,0.6590847848442751,0.4343927536132244,98.2143334661862,98.29764684204233,99.0431240905532,96.97360838876357,0.7249831803222134,0.5256006117501111,,,,,,,97.703544289796,97.6974220234909,99.0431240905532,98.24967220481626,96.83339298486742,,97.59302711407648,97.58380073199062,98.84685546713446,98.21624142608133,97.63474549045368,,98.23058431386738,97.9929592319958,99.16284010765348,98.81886349126611,97.82521128303604,,97.20988500105108,97.48560233034848,98.49068545646465,97.93093422462805,96.49709366631735,,4299201.0,2455616.0,1985124.0,4163650.0,4791519.0,,6.266558705725345e-05,-0.0135870317038057,0.0021057456141591,0.0080517499301699,-0.0146276301162252,,2023,1,1,4,23,0,False,False,False,True,True,False,False,False,False,True,False,False,False,False,False,False,-0.0496480519104048,False,False,False,False,False,Doji,,,99.68613105085058,96.29379404444838,96.29379404444838,99.68613105085058,0.0253319202633983,0.0090046912353991,0.0343366114987975,False,False,,,,6.0,4.0,True,True,96.29379404444838,99.68613105085058,False,True,97.0943855779593,97.58966678089402,97.98996254764948,98.39025831440492,98.9601709314805,100.60884671659196,101.78259532080712,105.17493232720932,0.0016566563746565,fib_786,False,,,,,,False,0.0,0.0,0.0,0.0,False,False,Neutral,Neutral,False,False,False,False,,False,False,False,True,96.8301772605558,-0.0199027479638309,False,-0.0199027479638309,93.3919195092942,-0.0547041607995819,False,-0.0547041607995819,88.79501034292915,-0.1012332302413412,False,-0.1012332302413412
2023-01-24,SAMPLE,96.033671821183,97.0928162965138,95.72294271894964,96.8301772605558,4017699,False,-1.966321820927618,-0.0199027479638309,-0.020103475469561,0.7965054393728082,0.7965054393728082,1.3698735775641635,96.54864542533976,96.40787950773172,96.61902838414376,98.01415334917586,98.1999903533654,,,,,97.82829629660586,98.11115060231296,,,,,,,50.172603497991965,-1.4660353186110078,-0.1434311282077658,-0.0014790738489667,-150524.0,3.073556362533779,1.5928609971049998,0.0124296599650943,,,,0.753129614101999,0.5672042156374258,,,,,,,,,,,3351417.8,1171289.284765847,,,0.7400477877692935,1.1988057710978322,98.1431320151678,-382875.0,98.01415334917586,97.703544289796,99.0431240905532,96.8301772605558,0.9040798817490788,0.8173604325834283,98.1999903533654,98.29764684204233,99.0431240905532,96.8301772605558,0.753129614101999,0.5672042156374258,,,,,,,98.79649908148342,97.703544289796,97.6974220234909,98.83500271705635,96.97360838876357,,98.8512962654825,97.59302711407648,97.58380073199062,99.27183173429144,97.22695204087712,,99.37942162427876,98.23058431386738,97.9929592319958,99.68613105085058,97.34699490675766,,98.27570895297453,97.20988500105108,97.48560233034848,98.11244053087512,96.6429766199428,,2308959.0,4299201.0,2455616.0,4647919.0,4168223.0,,0.011186439546611,6.266558705725345e-05,-0.0135870317038057,0.0059575823420547,0.0014480067213802,,2023,1,1,4,24,1,False,False,False,False,False,True,True,False,False,False,False,False,False,False,False,False,0.5814444868621466,False,False,False,False,False,,,,99.68613105085058,96.29379404444838,96.29379404444838,99.68613105085058,0.0055394220198946,0.0294944600029991,0.0350338820228937,False,False,,,,7.0,5.0,True,True,96.29379404444838,99.68613105085058,False,False,97.0943855779593,97.58966678089402,97.98996254764948,98.39025831440492,98.9601709314805,100.60884671659196,101.78259532080712,105.17493232720932,0.0027285741375083,fib_236,False,,,,,,False,0.0,0.0,0.0,0.0,False,False,Neutral,Neutral,False,False,False,False,,False,False,True,False,96.19375361899549,-0.0065725754053698,False,-0.0065725754053698,91.50761289961672,-0.0549680328129197,False,-0.0549680328129197,88.49237364631712,-0.0861074909715684,False,-0.0861074909715684
2023-01-25,SAMPLE,96.07605444301292,96.6567136631499,95.62964296004594,96.19375361899549,1506253,False,-0.6364236415603273,-0.0065725754053698,-0.0065942698904406,0.1176991759825512,0.1176991759825512,1.0270707031039592,96.1600367473971,96.14317831159792,96.16846596529668,97.44427925486433,97.91597258955542,,,,,97.2834487374024,97.7625329689825,,,,,,,47.220727075158855,-0.6605565974249219,-2.8401776380999024,-0.0286788336285137,-629907.0,1.200534300509858,1.5648376616339184,0.0100028289521644,,,,0.920610029790744,0.8475228269513146,,,,,,,,,,,3288427.1,1257659.6710335922,,,-0.6250956082075835,0.4580466448534012,98.09126903700869,-1889128.0,97.44427925486433,97.6974220234909,98.79649908148342,96.19375361899549,0.9875137599708323,0.9751834261317308,97.91597258955542,97.97660824730612,99.0431240905532,96.19375361899549,0.920610029790744,0.8475228269513146,,,,,,,96.8301772605558,98.79649908148342,97.703544289796,99.0431240905532,99.03393125709538,,96.033671821183,98.8512962654825,97.59302711407648,98.84685546713446,99.0677065362507,,97.0928162965138,99.37942162427876,98.23058431386738,99.16284010765348,99.10844290182968,,95.72294271894964,98.27570895297453,97.20988500105108,98.49068545646465,98.26960413881405,,4017699.0,2308959.0,4299201.0,1985124.0,2136160.0,,-0.0199027479638309,0.011186439546611,6.266558705725345e-05,0.0021057456141591,0.0212462225812208,,2023,1,1,4,25,2,False,False,False,False,False,True,True,False,False,False,False,False,False,False,False,False,0.114596955815064,False,False,False,True,False,,,,99.68613105085058,96.29379404444838,96.29379404444838,99.68613105085058,-0.0010399887902196,0.0363056570771499,0.0352656682869303,False,False,,,,8.0,6.0,True,True,96.29379404444838,99.68613105085058,False,False,97.0943855779593,97.58966678089402,97.98996254764948,98.39025831440492,98.9601709314805,100.60884671659196,101.78259532080712,105.17493232720932,0.0093626865059352,fib_236,False,,,,,,False,0.0,0.0,0.0,0.0,False,False,Neutral,Neutral,False,False,False,False,,False,False,True,False,93.3919195092942,-0.0291269859454574,False,-0.0291269859454574,88.79501034292915,-0.0769150074481061,False,-0.0769150074481061,86.64120392415157,-0.0993053013886917,False,-0.0993053013886917
2023-01-26,SAMPLE,92.96472175021717,93.89655809686444,92.82122430292776,93.3919195092942,1250580,False,-2.801834109701275,-0.0291269859454573,-0.0295595977656819,0.4271977590770319,0.4271977590770319,1.075333793936693,93.36990063636216,93.3588911998961,93.37540535459516,96.58317875202496,97.420602392558,,,,,95.986272328033,96.9678759763119,,,,,,,36.92174039737708,-3.6934676753601994,-4.953701969974176,-0.0503703357146249,-1251547.0,3.372529316067713,1.693958494093475,0.0130151048314965,,,,1.6818061463933645,2.828471914046499,,,,,,,,,,,3163272.4,1398939.5428004428,,,-0.1697410727148759,0.3953437585710291,97.99093085311648,-3139708.0,96.58317875202496,96.8301772605558,98.79649908148342,93.3919195092942,2.034133818777996,4.137700392696352,97.420602392558,97.70048315664344,99.0431240905532,93.3919195092942,1.6818061463933645,2.828471914046499,,,,,,,96.19375361899549,96.8301772605558,98.79649908148342,97.6974220234909,98.34562147926836,,96.07605444301292,96.033671821183,98.8512962654825,97.58380073199062,98.172530558192,,96.6567136631499,97.0928162965138,99.37942162427876,97.9929592319958,98.72212598120711,,95.62964296004594,95.72294271894964,98.27570895297453,97.48560233034848,98.07677668533675,,1506253.0,4017699.0,2308959.0,2455616.0,2502127.0,,-0.0065725754053698,-0.0199027479638309,0.011186439546611,-0.0135870317038057,-0.0069502418927521,,2023,1,1,4,26,3,False,False,False,False,False,True,True,False,False,False,False,False,False,False,False,False,0.3972699095720802,False,False,False,True,False,,,,99.68613105085058,96.29379404444838,96.29379404444838,99.68613105085058,-0.0310720086962704,0.0673956759281512,0.0363236672318808,False,False,,,,9.0,7.0,True,True,96.29379404444838,99.68613105085058,False,False,97.0943855779593,97.58966678089402,97.98996254764948,98.39025831440492,98.9601709314805,100.60884671659196,101.78259532080712,105.17493232720932,0.0396443941629943,fib_236,False,,,,,,False,0.0,0.0,0.0,0.0,False,False,Neutral,Neutral,False,False,False,False,,False,False,True,False,91.50761289961672,-0.0201763345220669,False,-0.0201763345220669,88.49237364631712,-0.0524622032475677,False,-0.0524622032475677,87.09810046238411,-0.0673914732664182,False,-0.0673914732664182
2023-01-27,SAMPLE,91.94990541589804,92.76012447800105,91.1674477293632,91.50761289961672,4662560,False,-1.8843066096774663,-0.0201763345220669,-0.0203826566932197,-0.4422925162812987,-0.4422925162812987,1.5926767486378424,91.81172836899366,91.96378610368212,91.73569950164944,95.34399247398912,96.82487276956584,97.7432244133632,,,,94.49338585189426,95.97510087145824,97.24932462346094,,,,,,31.885074939319185,-7.599737041580296,-5.957296229921738,-0.0611224725198689,-335163.0,2.224471779930994,1.7318523002247264,0.0138438547041457,,,,2.5137133012074724,6.318754560667369,2.172073677401676,4.717904060061239,97.7432244133632,102.08737176816656,93.39907705855984,0.0888889717088038,-0.2177025782575857,,,,3129756.1,1353378.7956121324,3175402.15,1308248.2089665304,2.7283180604199653,1.4897518691632232,97.53727331663134,-7802268.0,95.34399247398912,96.19375361899549,98.79649908148342,91.50761289961672,2.88872974663309,8.344759549082877,96.82487276956584,97.70048315664344,99.0431240905532,91.50761289961672,2.5137133012074724,6.318754560667369,97.7432244133632,98.26026751108918,100.54996353629892,91.50761289961672,2.172073677401676,4.717904060061239,93.3919195092942,96.19375361899549,96.8301772605558,97.703544289796,97.46490912953848,,92.96472175021717,96.07605444301292,96.033671821183,97.59302711407648,96.9103824236882,,93.89655809686444,96.6567136631499,97.0928162965138,98.23058431386738,97.66444708489736,,92.82122430292776,95.62964296004594,95.72294271894964,97.20988500105108,96.29379404444838,,1250580.0,1506253.0,4017699.0,4299201.0,4997723.0,,-0.0291269859454573,-0.0065725754053698,-0.0199027479638309,6.266558705725345e-05,-0.0089552776878385,,2023,1,1,4,27,4,False,False,False,False,False,True,True,False,False,False,False,False,False,False,False,False,-0.2777038822595829,False,False,False,True,False,,91.1674477293632,101.30200902147212,99.68613105085058,96.29379404444838,96.29379404444838,99.68613105085058,-0.052303638934195,0.0893752759150829,0.0370716369808878,False,False,,,,10.0,8.0,True,True,96.29379404444838,99.68613105085058,False,False,97.0943855779593,97.58966678089402,97.98996254764948,98.39025831440492,98.9601709314805,100.60884671659196,101.78259532080712,105.17493232720932,0.0610525452616846,fib_236,True,-2.422537046462419,Downtrend,False,True,False,False,0.0,0.0,0.0,0.0,False,False,Neutral,Neutral,False,False,False,False,,False,False,False,False,88.79501034292915,-0.0296434632128727,False,-0.0296434632128727,86.64120392415157,-0.0531803728811457,False,-0.0531803728811457,87.38322709232045,-0.0450715047262865,False,-0.0450715047262865
2023-01-30,SAMPLE,88.40971100464671,89.43552404665809,87.83970392951471,88.79501034292915,2212237,False,-2.7126025566875853,-0.0296434632128727,-0.0300917113216268,0.3852993382824365,0.3852993382824365,1.5958201171433757,88.69007943970064,88.6376139880864,88.71631216550777,93.34369472627829,95.87940658337712,97.18038266900786,,,,92.5939273489059,94.66962986627112,96.44415183483886,,,,,,26.31899413385804,-9.711272340022308,-9.454661861887118,-0.0962309761418587,-1951413.0,3.667908970102019,1.8701420623588187,0.0146410770983605,0.0132566164691959,,0.2117718372347099,3.5020369487511664,12.26426279041838,2.8841231955266493,8.31816660697485,97.18038266900786,102.94862906006117,91.41213627795456,0.1187121563556647,-0.2268562885147074,,,,2934614.8,1328190.536551457,3195563.05,1289049.2029483337,-0.5255316821660203,0.7538423782228592,97.23946433528312,-10014505.0,93.34369472627829,93.3919195092942,96.8301772605558,88.79501034292915,3.3295062650863563,11.085611969249298,95.87940658337712,97.26379964202334,99.0431240905532,88.79501034292915,3.5020369487511664,12.26426279041838,97.18038266900786,97.97660824730612,100.54996353629892,88.79501034292915,2.8841231955266493,8.31816660697485,91.50761289961672,93.3919195092942,96.19375361899549,98.79649908148342,98.24967220481626,100.05184523003622,91.94990541589804,92.96472175021717,96.07605444301292,98.8512962654825,98.21624142608133,100.80775998581812,92.76012447800105,93.89655809686444,96.6567136631499,99.37942162427876,98.81886349126611,100.99959778528104,91.1674477293632,92.82122430292776,95.62964296004594,98.27570895297453,97.93093422462805,99.41145607978608,4662560.0,1250580.0,1506253.0,2308959.0,4163650.0,1809019.0,-0.0201763345220669,-0.0291269859454573,-0.0065725754053698,0.011186439546611,0.0080517499301699,,2023,1,1,5,30,0,False,False,False,False,False,True,True,False,False,False,False,False,False,False,False,False,0.2414428381640833,False,False,False,True,False,,87.83970392951471,101.30200902147212,99.68613105085058,96.29379404444838,96.29379404444838,99.68613105085058,-0.0844505076643235,0.1226546476638673,0.0382041399995437,False,False,,,,11.0,9.0,True,True,96.29379404444838,99.68613105085058,False,False,97.0943855779593,97.58966678089402,97.98996254764948,98.39025831440492,98.9601709314805,100.60884671659196,101.78259532080712,105.17493232720932,0.0934666847042159,fib_236,True,-2.458120860116676,Downtrend,False,True,False,False,0.0,0.0,0.0,0.0,False,False,Neutral,Neutral,False,True,False,False,Unconfirmed Breakdown,False,False,True,False,88.49237364631712,-0.0034082624174853,False,-0.0034082624174853,87.09810046238411,-0.0191104193128816,False,-0.0191104193128816,87.15283067537553,-0.0184940534520067,False,-0.0184940534520067
2023-01-31,SAMPLE,88.78089701996747,89.17466587039134,87.98262572546183,88.49237364631712,1743239,False,-0.3026366966120264,-0.0034082624174853,-0.0034140837747443,-0.2885233736503494,-0.2885233736503494,1.192040144929507,88.54988841405675,88.57864579792658,88.53550972212184,91.67613400343052,94.8451436763032,96.57750317450876,,,,91.22674278137632,93.54649237173402,95.68683962640824,,,,,,25.77831855304491,-9.205913762558533,-10.342629070739235,-0.1046454068539664,-2904680.0,1.192040144929507,1.821706211113868,0.0137834564052664,0.0130261595385864,,0.2080902540009797,4.020973826382315,16.168230512451636,3.363138551318381,11.3107009153639,96.57750317450876,103.30378027714552,89.851226071872,0.139292834905513,-0.1010107377989381,,,,2644146.8,1225518.4543382092,3120767.9,1329162.1586720236,-0.2120016978289396,0.6592822304722264,97.01492805458092,-11757744.0,91.67613400343052,91.50761289961672,96.19375361899549,88.49237364631712,3.233357767635994,10.45460245353202,94.8451436763032,96.51196543977564,99.0431240905532,88.49237364631712,4.020973826382315,16.168230512451636,96.57750317450876,97.70048315664344,100.1887567532556,88.49237364631712,3.363138551318381,11.3107009153639,88.79501034292915,91.50761289961672,93.3919195092942,96.8301772605558,98.83500271705635,100.54996353629892,88.40971100464671,91.94990541589804,92.96472175021717,96.033671821183,99.27183173429144,100.82780748720296,89.43552404665809,92.76012447800105,93.89655809686444,97.0928162965138,99.68613105085058,101.30200902147212,87.83970392951471,91.1674477293632,92.82122430292776,95.72294271894964,98.11244053087512,99.55611712173496,2212237.0,4662560.0,1250580.0,4017699.0,4647919.0,3239142.0,-0.0296434632128727,-0.0201763345220669,-0.0291269859454573,-0.0199027479638309,0.0059575823420547,0.0049786018950219,2023,1,1,5,31,1,True,False,False,False,True,True,False,True,False,False,False,False,False,False,False,False,-0.2420416584773759,False,False,False,True,False,Inside Bar,87.83970392951471,100.4722146534093,99.68613105085058,96.29379404444838,96.29379404444838,99.68613105085058,-0.0881592399059343,0.1264940349466976,0.0383347950407631,False,False,,,,12.0,10.0,True,True,96.29379404444838,99.68613105085058,False,False,97.0943855779593,97.58966678089402,97.98996254764948,98.39025831440492,98.9601709314805,100.60884671659196,101.78259532080712,105.17493232720932,0.0972062515355545,fib_236,True,-2.529700571008122,Downtrend,False,True,False,False,0.0,0.0,0.0,0.0,False,False,Neutral,Neutral,False,False,False,False,,False,False,False,False,86.64120392415157,-0.0209189746628815,False,-0.0209189746628815,87.38322709232045,-0.0125338095057734,False,-0.0125338095057734,83.42769110914475,-0.0572329832332749,False,-0.0572329832332749
2023-02-01,SAMPLE,87.40342265051495,87.79401545234958,86.29675040876727,86.64120392415157,2019305,False,-1.851169722165551,-0.0209189746628815,-0.021140876508482,-0.7622187263633862,-0.7622187263633862,1.497265043582317,86.91065659508946,87.04538293055842,86.843293427355,89.76562406446175,93.60495165966304,95.90012553305355,,,,89.69822982896807,92.29098538126448,94.8253505119076,,,,,,22.705681000343688,-11.815274311007462,-12.401920166401638,-0.1252173765749029,34181.0,2.195623237549853,1.8484145701450096,0.0132823259886367,0.0134081902097612,,0.2141996586516726,4.469835941920904,19.97943334768793,3.916331516474401,15.337652546930682,95.90012553305355,103.73278856600236,88.06746250010477,0.1633504229407738,-0.0910455722372782,,,,2647564.9,1223522.180126018,3166161.05,1271165.8143360275,0.1583638273352077,0.7627027386561893,96.7212784199675,-13777049.0,89.76562406446175,88.79501034292915,93.3919195092942,86.64120392415157,2.669728571967882,7.127450647981666,93.60495165966304,94.79283656414484,98.79649908148342,86.64120392415157,4.469835941920904,19.97943334768793,95.90012553305355,97.58116557651468,99.0431240905532,86.64120392415157,3.916331516474401,15.337652546930682,88.49237364631712,88.79501034292915,91.50761289961672,96.19375361899549,99.0431240905532,100.1887567532556,88.78089701996747,88.40971100464671,91.94990541589804,96.07605444301292,98.84685546713446,100.15952669037615,89.17466587039134,89.43552404665809,92.76012447800105,96.6567136631499,99.16284010765348,100.4722146534093,87.98262572546183,87.83970392951471,91.1674477293632,95.62964296004594,98.49068545646465,99.25285010510244,1743239.0,2212237.0,4662560.0,1506253.0,1985124.0,1111442.0,-0.0034082624174853,-0.0296434632128727,-0.0201763345220669,-0.0065725754053698,0.0021057456141591,-0.0035923114274718,2023,1,2,5,1,2,False,True,False,False,False,True,True,False,False,False,False,False,False,False,False,False,-0.5090740144041043,False,False,False,True,False,,86.29675040876727,99.68613105085058,99.68613105085058,96.29379404444838,96.29379404444838,99.68613105085058,-0.1114087718442484,0.1505626253545477,0.0391538535102993,False,False,,,,13.0,11.0,True,True,96.29379404444838,99.68613105085058,False,False,97.0943855779593,97.58966678089402,97.98996254764948,98.39025831440492,98.9601709314805,100.60884671659196,101.78259532080712,105.17493232720932,0.1206490812726791,fib_236,True,-2.6060818004559656,Downtrend,False,True,False,False,0.0,0.0,0.0,0.0,False,False,Neutral,Neutral,False,True,False,False,Unconfirmed Breakdown,False,False,False,False,87.09810046238411,0.005273432472528,True,0.005273432472528,87.15283067537553,0.0059051205206226,True,0.0059051205206226,82.6696517653748,-0.0458390693907438,False,-0.0458390693907438
2023-02-02,SAMPLE,86.9413023317433,87.6341840667825,86.6207791630802,87.09810046238411,1035914,False,0.4568965382325416,0.005273432472528,0.0052595766181021,0.1567981306408086,0.1567981306408086,1.0134049037022947,87.11768789741559,87.12748161493136,87.11279103865773,88.50686025507974,92.54501950355235,95.30988710641678,,,,88.83152004010675,91.3468244869226,94.0894219357625,,,,,,25.07932054054517,-11.875248577948144,-10.599321561106793,-0.1084913126833401,-1419702.0,1.0134049037022947,1.7887710225419589,0.0145053899908541,0.013614056357095,,0.217528457266862,4.644843463435046,21.57457079981527,4.309762158731356,18.57404986483276,95.30988710641678,103.92941142387949,86.69036278895408,0.1808736654537993,0.0236519823143824,,,,2505594.7,1326318.1114030643,3063608.75,1357682.3949619313,-0.4869947828584587,0.4134403700646397,96.58020252787512,-12741135.0,88.50686025507974,88.49237364631712,91.50761289961672,86.64120392415157,1.9074219818452496,3.6382586168264592,92.54501950355235,92.44976620445549,98.79649908148342,86.64120392415157,4.644843463435046,21.57457079981527,95.30988710641678,97.21925875915102,99.0431240905532,86.64120392415157,4.309762158731356,18.57404986483276,86.64120392415157,88.49237364631712,88.79501034292915,93.3919195092942,97.6974220234909,98.90286899511968,87.40342265051495,88.78089701996747,88.40971100464671,92.96472175021717,97.58380073199062,98.613172969898,87.79401545234958,89.17466587039134,89.43552404665809,93.89655809686444,97.9929592319958,99.2953918830448,86.29675040876727,87.98262572546183,87.83970392951471,92.82122430292776,97.48560233034848,98.37892717322993,2019305.0,1743239.0,2212237.0,1250580.0,2455616.0,3086960.0,-0.0209189746628815,-0.0034082624174853,-0.0296434632128727,-0.0291269859454573,-0.0135870317038057,-0.0128346513102541,2023,1,2,5,2,3,False,False,False,False,True,True,False,True,False,False,False,False,False,False,False,False,0.1547240693902057,False,False,False,True,False,Inside Bar,86.29675040876727,99.68613105085058,99.68613105085058,96.29379404444838,96.29379404444838,99.68613105085058,-0.1055785778707734,0.1445270392998178,0.0389484614290443,False,False,,,,14.0,12.0,True,True,96.29379404444838,99.68613105085058,False,False,97.0943855779593,97.58966678089402,97.98996254764948,98.39025831440492,98.9601709314805,100.60884671659196,101.78259532080712,105.17493232720932,0.1147704147680279,fib_236,True,-2.731684344621137,Downtrend,False,True,False,False,0.0,0.0,0.0,0.0,False,False,Neutral,Neutral,False,False,False,False,,True,False,True,False,87.38322709232045,0.0032736262722455,True,0.0032736262722455,83.42769110914475,-0.0421410953138356,False,-0.0421410953138356,82.64690034727319,-0.0511055934800013,False,-0.0511055934800013
2023-02-03,SAMPLE,87.08243896625872,87.52142899389776,86.4715502354523,87.38322709232045,4041200,False,0.2851266299363431,0.0032736262722454,0.0032682796232031,0.3007881260617324,0.3007881260617324,1.049878758445459,87.12540210722351,86.99648961467503,87.18985835349774,87.68198309362049,91.5129877838048,94.76550532016468,,,,88.34875572417799,90.62617041517674,93.45073671257754,,,,,,26.59428232766237,-11.772545651500588,-10.320317197475532,-0.1056288927130904,-258001.0,1.049878758445459,1.7359930036779232,0.0148176024791639,0.0137791771153419,,0.2201925777734349,4.51606964589352,20.394885046560823,4.594301267909762,21.10760414031725,94.76550532016468,103.95410785598422,85.57690278434517,0.1939229365110414,0.0982915683279243,,,,2479794.6,1289551.223406828,3047260.4,1343036.5296533075,2.9010960369297063,1.6296511009419892,96.0677458321636,-8699935.0,87.68198309362049,87.38322709232045,88.79501034292915,86.64120392415157,0.9231681673153008,0.8522394651442912,91.5129877838048,90.15131162127294,98.79649908148342,86.64120392415157,4.51606964589352,20.394885046560823,94.76550532016468,96.90350068681548,99.0431240905532,86.64120392415157,4.594301267909762,21.10760414031725,87.09810046238411,86.64120392415157,88.49237364631712,91.50761289961672,97.703544289796,98.2708628173621,86.9413023317433,87.40342265051495,88.78089701996747,91.94990541589804,97.59302711407648,97.95336357365628,87.6341840667825,87.79401545234958,89.17466587039134,92.76012447800105,98.23058431386738,98.48016812651451,86.6207791630802,86.29675040876727,87.98262572546183,91.1674477293632,97.20988500105108,97.43130383503409,1035914.0,2019305.0,1743239.0,4662560.0,4299201.0,4368167.0,0.005273432472528,-0.0209189746628815,-0.0034082624174853,-0.0201763345220669,6.266558705725345e-05,-0.0063901703173926,2023,1,2,5,3,4,False,False,False,False,False,True,True,False,False,False,False,False,True,True,False,False,0.2864979633525544,False,False,False,True,False,Hammer,86.29675040876727,99.68613105085058,99.68613105085058,96.29379404444838,96.29379404444838,99.68613105085058,-0.1019711362080265,0.1407925109647426,0.0388213747567161,False,False,,,,15.0,13.0,True,True,96.29379404444838,99.68613105085058,False,False,97.0943855779593,97.58966678089402,97.98996254764948,98.39025831440492,98.9601709314805,100.60884671659196,101.78259532080712,105.17493232720932,0.1111329806506115,fib_236,True,-2.8519298358256373,Downtrend,False,True,False,False,0.0,0.0,0.0,0.0,False,False,Neutral,Neutral,False,False,True,False,,True,False,True,False,87.15283067537553,-0.0026366206034198,False,-0.0026366206034198,82.6696517653748,-0.0539414196956329,False,-0.0539414196956329,82.86686382627815,-0.0516845556787547,False,-0.0516845556787547